UserID,UserLoginName,UserName,UserPassword,GrantP,Balance,UserImg,Custom
1,test01,wxhdrnbzd,password01,0,0,head.jpg,bg1.jpg
2,test02,diuleimuo,password02,0,0,head.jpg,bg1.jpg
3,test03,Fiiances,password03,0,0,head.jpg,bg1.jpg
4,test04,一只猫,password04,0,0,head.jpg,bg2.jpg
5,test05,Nanesky,password05,0,0,head.jpg,bg2.jpg
6,test06,奈落凉爪,password06,0,0,head.jpg,bg2.jpg
7,test07,Mr.G,password07,0,0,head.jpg,bg3.jpg
8,test08,壹叁小白,password08,0,0,head.jpg,bg3.jpg
9,test09,夏小正,password09,0,0,head.jpg,bg2.jpg
10,test10,Elphonse,password10,0,0,head.jpg,bg1.jpg
